{
    "loss": [
        0.0002857134095393121,
        5.646211138810031e-05,
        4.218719186610542e-05,
        3.7358062400016934e-05,
        3.7207162677077577e-05,
        3.435539474594407e-05,
        3.203281812602654e-05,
        2.8654227207880467e-05,
        2.9843251468264498e-05,
        2.809119177982211e-05,
        2.7171739930054173e-05,
        2.2107913537183776e-05,
        2.2992964659351856e-05,
        2.38193624682026e-05,
        2.2443717170972377e-05,
        2.2917456590221263e-05,
        2.2133155653136782e-05,
        2.376619158894755e-05
    ],
    "val_loss": [
        3.5046396078541875e-05,
        2.3870479708421044e-05,
        1.5298895959858783e-05,
        0.00022529097623191774,
        6.449593638535589e-05,
        3.845335959340446e-05,
        0.00014477100921794772,
        2.3439251890522428e-05,
        2.4952765670605004e-05,
        3.7283032725099474e-05,
        8.445783169008791e-05,
        2.8501886845333502e-05,
        9.674023021943867e-05,
        0.00011955550144193694,
        1.770425478753168e-05,
        3.162357097608037e-05,
        2.3244088879437186e-05,
        2.1983763872412965e-05
    ],
    "lr": [
        