{
    "loss": [
        0.001506139407865703,
        0.00038742966717109084,
        0.00026495123165659606,
        0.00020558445248752832,
        0.00015632565191481262,
        0.0001445008092559874,
        0.00013188277080189437,
        0.0001167784575955011,
        0.00010588677105261013,
        9.823239088291302e-05,
        0.00012365012662485242,
        8.134096424328163e-05,
        8.563596929889172e-05,
        8.130352216539904e-05,
        8.735420124139637e-05,
        9.260582737624645e-05,
        6.856217805761844e-05,
        7.275355164892972e-05,
        5.508265530806966e-05,
        6.0947222664253786e-05,
        5.982726361253299e-05,
        5.252142364042811e-05,
        5.2132563723716885e-05,
        6.019230931997299e-05,
        5.46103656233754e-05,
        6.440097058657557e-05,
        5.5579184845555574e-05,
        5.425753624876961e-05,
        5.448460433399305e-05,
        5.5735894420649856e-05,
        5.025821155868471e-05,
        5.3306972404243425e-05,
        5.1971459470223635e-05,
        4.0832313970895484e-05,
        4.6011842641746625e-05,
        4.4010175770381466e-05,
        4.005603477708064e-05,
        4.6943776396801695e-05,
        4.551112215267494e-05,
        3.80671008315403e-05,
        4.40592339145951e-05,
        4.212657586322166e-05,
        4.011068449472077e-05,
        3.724836278706789e-05,
        3.464759356575087e-05,
        4.094761607120745e-05,
        3.808193650911562e-05,
        3.669098441605456e-05,
        3.916100467904471e-05,
        4.1644459997769445e-05,
        3.782987187150866e-05,
        4.114782495889813e-05,
        3.9095401007216424e-05,
        3.4088967368006706e-05,
        3.8963415136095136e-05,
        3.546317384461872e-05,
        3.1750721973367035e-05,
        3.486150671960786e-05,
        3.664680480142124e-05
    ],
    "val_loss": [
        0.0014712035190314054,
        0.0010496309259906411,
        0.0019964452367275953,
        0.000878981314599514,
        0.0012317509390413761,
        0.0007480890490114689,
        0.0010130804730579257,
        0.0009055923437699676,
        0.0009690753649920225,
        0.0008511061896570027,
        0.0026294540148228407,
        0.0013560820370912552,
        0.0008476517396047711,
        0.0008867819560691714,
        0.0009201610228046775,
        0.0007434719591401517,
        0.0007589748711325228,
        0.0007078855996951461,
        0.0008537194808013737,
        0.0008748218533582985,
        0.0006609551492147148,
        0.0008350632269866765,
        0.000611978757660836,
        0.0006284374976530671,
        0.0006499964511021972,
        0.0005996528780087829,
        0.0006213552551344037,
        0.0016073047881945968,
        0.0007382954354397953,
        0.0006649756105616689,
        0.0006029472569935024,
        0.0005492964992299676,
        0.0005707493983209133,
        0.000591370218899101,
        0.0009028144995681942,
        0.0006209507118910551,
        0.0005493657663464546,
        0.0005614201654680073,
        0.0009262744570150971,
        0.0008612750098109245,
        0.0005434609483927488,
        0.0006469282088801265,
        0.0006539208698086441,
        0.0005274710129015148,
        0.000925488886423409,
        0.0006476666894741356,
        0.0008091384079307318,
        0.0006418289267458022,
        0.0006869970238767564,
        0.0007111611776053905,
        0.00100890570320189,
        0.0007038289913907647,
        0.000600805098656565,
        0.0005635364796034992,
        0.0007244215812534094,
        0.0007727742195129395,
        0.0006303305854089558,
        0.0005695574800483882,
        0.0009166754316538572
    ],
    "lr": [
        