{
    "loss": [
        0.012585456483066082,
        0.003412841120734811,
        0.002582608489319682,
        0.0021605114452540874,
        0.0020541504491120577,
        0.001891643856652081,
        0.0014808604028075933,
        0.0016283713048323989,
        0.0014398364583030343,
        0.001587002188898623,
        0.0016995021142065525,
        0.001470080460421741,
        0.0012470599031075835,
        0.0012266883859410882,
        0.0012138233287259936,
        0.0012281150557100773,
        0.0012886276235803962,
        0.0010872711427509785,
        0.0011307222303003073,
        0.0011053431080654263,
        0.0010570521699264646,
        0.0010910577839240432,
        0.001137134968303144,
        0.0010494583984836936,
        0.0011167180491611362,
        0.0010673654032871127,
        0.0013149435399100184,
        0.0010491557186469436,
        0.0008868522709235549,
        0.0009182197391055524,
        0.0009008112829178572,
        0.0009359777322970331,
        0.0008549417252652347,
        0.0009149360121227801,
        0.0009650018182583153
    ],
    "val_loss": [
        0.0014964136062189937,
        0.0002639248559717089,
        0.00032808660762384534,
        0.00029652289231307805,
        0.0005382306408137083,
        0.0002468242309987545,
        0.00035654089879244566,
        0.0006688325083814561,
        0.0005052958731539547,
        0.0003688245196826756,
        0.0007409093668684363,
        0.0001717460254440084,
        0.0003270712913945317,
        0.00017677216965239495,
        0.0004146768187638372,
        0.0002573568490333855,
        0.00024142979236785322,
        0.00015498499851673841,
        0.00040270714089274406,
        0.00014126380847301334,
        0.00035226246109232306,
        0.00042931284406222403,
        0.0002528249460738152,
        0.00047589169116690755,
        0.0002902245905715972,
        0.00022244472347665578,
        0.00020276146824471653,
        0.000573917874135077,
        0.00023926513676997274,
        0.0003662782837636769,
        0.00047676434041932225,
        0.00018314244516659528,
        0.00032165786251425743,
        0.00015688462008256465,
        0.000220823276322335
    ],
    "lr": [
        