{
    "loss": [
        0.0010101929074153304,
        0.0003954965795855969,
        0.0003389026678632945,
        0.0002900371910072863,
        0.0002865280257537961,
        0.000273804907919839,
        0.0002620253071654588,
        0.00025574470055289567,
        0.00025352605734951794,
        0.00024731463054195046,
        0.00024309502623509616,
        0.00021680488134734333,
        0.00021908615599386394,
        0.0002203737967647612,
        0.0002161892771255225,
        0.00021788725280202925,
        0.00021522758470382541,
        0.00020908685110043734,
        0.0002118774427799508,
        0.00021560282038990408,
        0.00021024406305514276,
        0.00020192023657727987,
        0.00019815559790004045
    ],
    "val_loss": [
        8.970955241238698e-05,
        5.8159130276180804e-05,
        0.0002659024321474135,
        0.00020236242562532425,
        0.0002809368015732616,
        0.000130268614157103,
        0.0002559197600930929,
        2.243187373096589e-05,
        5.547887849388644e-05,
        0.00012281870294827968,
        0.0005410098237916827,
        5.235025309957564e-05,
        3.738778468687087e-05,
        4.5986824261490256e-05,
        4.382062979857437e-05,
        0.00011377328337403014,
        3.1326540920417756e-05,
        0.00015065264597069472,
        0.00020352055435068905,
        7.647281745448709e-05,
        5.032769695390016e-05,
        8.587349293520674e-05,
        8.789958519628271e-05
    ],
    "lr": [
        