{
    "loss": [
        0.01083130668848753,
        0.003376405220478773,
        0.0023468583822250366,
        0.002173888962715864,
        0.002002605004236102,
        0.002112900372594595,
        0.00161295710131526,
        0.0017818828346207738,
        0.0016201508697122335,
        0.00152764399535954,
        0.0017937161028385162,
        0.0016173673793673515,
        0.0014403819805011153,
        0.0014104651054367423,
        0.0014496572548523545,
        0.0012675862526521087,
        0.0012169297551736236,
        0.0013754309620708227,
        0.001170470961369574,
        0.0012471614172682166,
        0.0010994027834385633,
        0.0011273921700194478,
        0.0010364651679992676,
        0.0010654813377186656,
        0.001089268596842885,
        0.0010962564265355468,
        0.0011113183572888374,
        0.0010657560778781772,
        0.0011991985375061631,
        0.0010450365953147411,
        0.0009709998848848045,
        0.0009977350709959865,
        0.0009647171245887876,
        0.0009888038039207458,
        0.0010452177375555038,
        0.000876807258464396,
        0.0009972561383619905,
        0.0009297479991801083,
        0.0010797256836667657,
        0.0009396627428941429,
        0.0008790854481048882,
        0.0009719929657876492,
        0.0009148711687885225,
        0.0009643079829402268
    ],
    "val_loss": [
        0.0021369874011725187,
        0.00069793889997527,
        0.0007259224657900631,
        0.000803436036221683,
        0.0006808097241446376,
        0.0005961935385130346,
        0.0008927331655286252,
        0.0011030916357412934,
        0.0021217847242951393,
        0.000492339429911226,
        0.0004942408413626254,
        0.0004685182066168636,
        0.0005302850622683764,
        0.0007556421332992613,
        0.00046439410652965307,
        0.0005342777003534138,
        0.0004757909628096968,
        0.0006333327619358897,
        0.0004095279145985842,
        0.0014392099110409617,
        0.00042250557453371584,
        0.0007152023608796299,
        0.0005524632288143039,
        0.001432872493751347,
        0.0007511055446229875,
        0.00041897912160493433,
        0.0006594466394744813,
        0.000870542018674314,
        0.0004027869726996869,
        0.00046761491103097796,
        0.0004899061168543994,
        0.00043636199552565813,
        0.00047355200513266027,
        0.0005201366730034351,
        0.00044520731898956,
        0.00046370617928914726,
        0.000728461891412735,
        0.0004444656369742006,
        0.0004576760111376643,
        0.0006934064440429211,
        0.0007030695560388267,
        0.0005436943029053509,
        0.0006171563290990889,
        0.0005231024697422981
    ],
    "lr": [
        