{
    "loss": [
        0.010792745277285576,
        0.003970771096646786,
        0.0032981503754854202,
        0.002822940004989505,
        0.0024820412509143353,
        0.0022887075319886208,
        0.002233958337455988,
        0.0020976734813302755,
        0.0018453735392540693,
        0.0020006715785712004,
        0.0018582451157271862,
        0.0018055274849757552,
        0.0016015098663046956,
        0.0015705350087955594,
        0.0017272677505388856,
        0.0014234738191589713,
        0.0014366823015734553,
        0.0013305130414664745
    ],
    "val_loss": [
        0.015879007056355476,
        0.009173152968287468,
        0.004368392750620842,
        0.008131195791065693,
        0.008549396879971027,
        0.006997800897806883,
        0.006872338242828846,
        0.009000945836305618,
        0.01024201512336731,
        0.0067770108580589294,
        0.008728159591555595,
        0.009332552552223206,
        0.013877257704734802,
        0.011166444979608059,
        0.010143252089619637,
        0.011375274509191513,
        0.014243594370782375,
        0.01126484852284193
    ],
    "lr": [
        