{
    "loss": [
        0.0009483293397352099,
        0.00035565151483751833,
        0.00025414754054509103,
        0.0002225785719929263,
        0.00020944164134562016,
        0.00019990331202279776,
        0.00019128761778119951,
        0.00019617477664723992,
        0.00017404952086508274,
        0.0001697854168014601,
        0.0001719777937978506,
        0.00015853870718274266,
        0.00016984481771942228,
        0.00016383331967517734,
        0.00013914024748373777,
        0.00013864834909327328,
        0.00013774669787380844,
        0.00013608015433419496,
        0.00013620901154354215,
        0.00013390615640673786,
        0.00013209079043008387,
        0.0001314584951614961,
        0.0001255109818885103,
        0.00013626979489345104,
        0.00012015945685561746,
        0.00012006000179098919,
        0.0001167788723250851,
        0.00011326235107844695,
        0.00011921518307644874,
        0.00011292789713479578,
        0.00011251823889324442,
        0.00011611423542490229,
        0.00011146059114253148,
        0.0001136489154305309,
        0.00010845738142961636,
        0.00011008323781425133
    ],
    "val_loss": [
        0.0009721075184643269,
        0.001101914094761014,
        0.0017484151758253574,
        0.00015806092415004969,
        0.00012547783262562007,
        0.0001296524133067578,
        0.00012685536057688296,
        0.00010748534987214953,
        0.00011018278746632859,
        0.00015750437160022557,
        0.001928017707541585,
        0.0003152747522108257,
        0.00011954893125221133,
        9.327042062068358e-05,
        0.00035305379424244165,
        0.000173126274603419,
        8.166599582182243e-05,
        0.0002054329088423401,
        0.0001458988117519766,
        0.0002288115065312013,
        7.719735731370747e-05,
        0.00036192272091284394,
        7.751928205834702e-05,
        0.0001305928162764758,
        0.0002341342915315181,
        0.00014733208809047937,
        0.00011648811778286472,
        0.00017502544505987316,
        0.00014902597467880696,
        0.00012053128011757508,
        0.00018840769189409912,
        0.00020738977764267474,
        0.00011100678966613486,
        9.532405238132924e-05,
        0.00019607429567258805,
        0.00011652541434159502
    ],
    "lr": [
        