{
    "loss": [
        0.0008596235420554876,
        0.0003316348884254694,
        0.000285217392956838,
        0.0002666297077666968,
        0.00023866492847446352,
        0.00024473699158988893,
        0.00023641067673452199,
        0.0002377694909228012,
        0.00022379490837920457,
        0.00022606868878938258,
        0.00021289246797095984,
        0.00019693611830007285,
        0.0001945303229149431,
        0.000203984061954543,
        0.00019695571972988546,
        0.00019531366706360132,
        0.0001952814927790314,
        0.00019252515630796552,
        0.0001923613017424941,
        0.00019017646263819188,
        0.00019307731417939067,
        0.00017592369113117456,
        0.00018054306565318257,
        0.0001812461414374411,
        0.00018138466111849993,
        0.0001842100900830701,
        0.0001808122033253312,
        0.00017619499703869224,
        0.00017744784418027848,
        0.00017705569916870445,
        0.00017587894399184734,
        0.0001732097298372537,
        0.00017174343520309776,
        0.00017617720004636794,
        0.00017429252329748124,
        0.00017687810759525746,
        0.00017297500744462013,
        0.00017540555563755333,
        0.00017685328202787787,
        0.00016777498240116984,
        0.0001714065292617306,
        0.0001663723960518837,
        0.00017030505114234984,
        0.0001702989829936996,
        0.0001686948526185006,
        0.00016974665049929172,
        0.00016786665946710855,
        0.00016850599786266685,
        0.00016727260663174093,
        0.0001701662695268169,
        0.00016632855113130063,
        0.0001673942751949653
    ],
    "val_loss": [
        5.3568746807286516e-05,
        0.00018585905490908772,
        6.749445310560986e-05,
        7.201593689387664e-05,
        0.0008107360335998237,
        7.042520155664533e-05,
        5.817719647893682e-05,
        6.479283911176026e-05,
        0.00023920877720229328,
        0.00014984773588366807,
        6.381230195984244e-05,
        3.377085522515699e-05,
        2.7540743758436292e-05,
        0.00013548140123020858,
        4.776336209033616e-05,
        3.1827603379497305e-05,
        7.817632285878062e-05,
        2.309788942511659e-05,
        3.4555316233308986e-05,
        0.0001264950115000829,
        3.952227780246176e-05,
        2.7152253096573986e-05,
        2.6352798158768564e-05,
        6.842977018095553e-05,
        2.3212174710351974e-05,
        4.764838740811683e-05,
        4.580129461828619e-05,
        2.800180300255306e-05,
        5.866520950803533e-05,
        4.316444028518163e-05,
        4.384863859741017e-05,
        2.219866291852668e-05,
        1.9925062588299625e-05,
        2.8422400646377355e-05,
        2.2835994968772866e-05,
        2.1491790903382935e-05,
        1.9142300516250543e-05,
        3.137102612527087e-05,
        2.2995574909145944e-05,
        2.531391874072142e-05,
        2.9364062356762588e-05,
        2.7930480428040028e-05,
        3.006654696946498e-05,
        2.9629634809680283e-05,
        2.112282527377829e-05,
        2.2108415578259155e-05,
        2.3683525796514004e-05,
        2.7598804081208073e-05,
        2.248223427159246e-05,
        2.080050944641698e-05,
        2.530509118514601e-05,
        2.164113539038226e-05
    ],
    "lr": [
        