{
    "loss": [
        0.009398730471730232,
        0.0023341618943959475,
        0.0019521645735949278,
        0.0015731132589280605,
        0.0014541601995006204,
        0.0014461777172982693,
        0.0012901884038001299,
        0.0011192994425073266,
        0.0010671780910342932,
        0.0010616435902193189,
        0.0011095063528046012,
        0.0010452663991600275,
        0.001104733906686306,
        0.0009132637642323971,
        0.0011626820778474212,
        0.0009032398811541498,
        0.0009198703919537365,
        0.0010833647102117538,
        0.0008936821832321584,
        0.0008977834950201213,
        0.0009066053316928446,
        0.0007868163520470262,
        0.0007675230735912919,
        0.0007038246840238571,
        0.000709773157723248,
        0.0007286652689799666
    ],
    "val_loss": [
        0.0009746983996592462,
        0.0014279513852670789,
        0.0006829198682680726,
        0.0012295745545998216,
        0.0011640670709311962,
        0.00110148498788476,
        0.0007216693484224379,
        0.0006352919735945761,
        0.0007267131004482508,
        0.0005567786865867674,
        0.0004388875386212021,
        0.0015547884395346045,
        0.0024289065040647984,
        0.0010211097542196512,
        0.000696636619977653,
        0.0005244158091954887,
        0.002665875945240259,
        0.0008416834170930088,
        0.0006048414506949484,
        0.0005579512799158692,
        0.0006014763494022191,
        0.0005936365923844278,
        0.0006106995861046016,
        0.0007709840429015458,
        0.0005237810546532273,
        0.0014689168892800808
    ],
    "lr": [
        