{
    "loss": [
        0.006159376353025436,
        0.002180026611313224,
        0.0018295409390702844,
        0.001519919722341001,
        0.0013934189919382334,
        0.0013320851139724255,
        0.0012674060417339206,
        0.0011826816480606794,
        0.001351356040686369,
        0.0011051208712160587,
        0.0010462470818310976,
        0.0010400860337540507,
        0.001082938746549189,
        0.0010376012651249766,
        0.0010422986233606935,
        0.0009852077346295118,
        0.0011850734008476138,
        0.000996925518848002,
        0.0008694573771208525,
        0.0007973886677064002,
        0.0008054641075432301,
        0.0007867116946727037,
        0.0008007993455976248,
        0.0008236555731855333,
        0.0008076434605754912,
        0.0008622544701211154,
        0.0009264673572033644,
        0.0007609789026901126,
        0.0007573534385301173,
        0.0007263979059644043,
        0.0006987964152358472,
        0.0006504690973088145,
        0.0006994639988988638,
        0.0007024204242043197,
        0.000763441901654005,
        0.0007453077705577016,
        0.0007024253718554974,
        0.0007255662931129336,
        0.0007365591591224074,
        0.0006610865821130574,
        0.0007123762043192983,
        0.0006815884844399989,
        0.0007079843780957162,
        0.0006678688223473728,
        0.0006189337000250816,
        0.0007057635230012238,
        0.0006512336549349129,
        0.0006320074899122119,
        0.000711204600520432
    ],
    "val_loss": [
        0.001532301539555192,
        0.0003788095782510936,
        0.0017026321729645133,
        0.0003951638063881546,
        0.0004152770561631769,
        0.00039549992652609944,
        0.000322695734212175,
        0.0002718012547120452,
        0.0011075094807893038,
        0.00037306061130948365,
        0.0006181141943670809,
        0.000343743828125298,
        0.0002976965915877372,
        0.0001880263298517093,
        0.0007018254254944623,
        0.0002598040737211704,
        0.00019824056653305888,
        0.0003987313248217106,
        0.0001731166848912835,
        0.0002887117734644562,
        0.0002446755242999643,
        0.00026468760916031897,
        0.0004818308516405523,
        0.00018206100503448397,
        0.00017248890071641654,
        0.00021039496641606092,
        0.00019527861149981618,
        0.00041971440077759326,
        0.00039907507016323507,
        0.0004868551332037896,
        0.0002523319562897086,
        0.0002719198528211564,
        0.0002734665758907795,
        0.00017120741540566087,
        0.00019502454961184412,
        0.00021407773601822555,
        0.00018776202341541648,
        0.00030994421103969216,
        0.00040489001548849046,
        0.000201571878278628,
        0.00018366292351856828,
        0.00019747240003198385,
        0.00019002024782821536,
        0.00038512732135131955,
        0.000272356002824381,
        0.00035948422737419605,
        0.00018685248505789787,
        0.0004561120003927499,
        0.00020635368127841502
    ],
    "lr": [
        