{
    "loss": [
        0.014722569845616817,
        0.004583672620356083,
        0.003435023594647646,
        0.0030270921997725964,
        0.00291903642937541,
        0.002557396423071623,
        0.0022699153050780296,
        0.0024001975543797016,
        0.0021369585301727057,
        0.002388283144682646,
        0.0020153739023953676,
        0.002011751290410757,
        0.0019111111760139465,
        0.0018463913584128022,
        0.0020943982526659966,
        0.0019005772192031145,
        0.0016838277224451303,
        0.0015966844512149692,
        0.0016227250453084707,
        0.0016334287356585264,
        0.0016202786937355995,
        0.0016601764364168048,
        0.0014688301598653197,
        0.0016683227149769664,
        0.0015662775840610266,
        0.0015549419913440943,
        0.0013697376707568765,
        0.0013664021389558911,
        0.0014551321510225534,
        0.0013168812729418278,
        0.0013463010545819998,
        0.001372219412587583,
        0.0013562964741140604,
        0.0014766678214073181,
        0.001381157198920846,
        0.001241456950083375,
        0.0013353843241930008,
        0.0013674949295818806,
        0.0015480704605579376,
        0.0013655462535098195,
        0.0013544843532145023,
        0.0013476890744641423,
        0.001372267142869532,
        0.001329242018982768,
        0.0013479479821398854,
        0.0015070895897224545,
        0.0013703067088499665,
        0.0011946611339226365,
        0.0013303516898304224,
        0.0012760437093675137,
        0.0012520517921075225
    ],
    "val_loss": [
        0.000400585267925635,
        0.00033775385236367583,
        0.00040244319825433195,
        0.0005182243185117841,
        0.0004212165658827871,
        0.0004369477101135999,
        0.00021447085600811988,
        0.00019993408932350576,
        0.0001254301459994167,
        0.0002556630061008036,
        0.00016035755106713623,
        0.00013834937999490649,
        0.00014426700363401324,
        0.00012917687126901,
        0.0001538014184916392,
        0.00020042485266458243,
        0.00030852778581902385,
        0.00021543080219998956,
        0.00018491582886781543,
        0.00015992089174687862,
        0.00022776215337216854,
        0.0001208186658914201,
        0.0001211890994454734,
        0.0004030505660921335,
        0.0001323324249824509,
        0.0001390741381328553,
        0.0002516583481337875,
        0.00019810609228443354,
        0.0001388378586852923,
        0.00024223777290899307,
        0.00021946233755443245,
        0.0001315986883128062,
        0.0001793580740923062,
        0.0002250111137982458,
        0.00013792485697194934,
        0.00011269266542512923,
        0.00017921726976055652,
        0.0001388895616400987,
        0.00012940123269800097,
        0.00014221586752682924,
        0.00022715450904797763,
        0.00012837574467994273,
        0.0003145149094052613,
        0.00038861361099407077,
        0.00017546681920066476,
        0.0001314482360612601,
        0.0001173572163679637,
        0.0002801776281557977,
        0.0001403345522703603,
        0.00011904180428246036,
        0.0002697365125641227
    ],
    "lr": [
        