{
    "loss": [
        0.001285564387217164,
        0.0005543535808101296,
        0.0004292950907256454,
        0.00038293947000056505,
        0.0003780490660574287,
        0.000346140906913206,
        0.00034925935324281454,
        0.0003346567100379616,
        0.00033823330886662006,
        0.0003302375553175807,
        0.0003146192757412791,
        0.00028453071718104184,
        0.0002813355531543493,
        0.00027296660118736327,
        0.0002729262050706893,
        0.00028238125378265977,
        0.00027654514997266233,
        0.00027606196817941964,
        0.0002742343058343977,
        0.00027475538081489503,
        0.00028251096955500543,
        0.0002584767935331911,
        0.00026047046412713826,
        0.000249937322223559,
        0.0002614576369524002,
        0.0002518476394470781,
        0.0002475607325322926,
        0.00024520658189430833,
        0.00024683462106622756,
        0.00025000880123116076,
        0.0002562699664849788,
        0.0002424704871373251,
        0.0002391937014181167,
        0.00024175428552553058,
        0.0002442695258650929,
        0.00024236687750089914
    ],
    "val_loss": [
        2.994886199303437e-05,
        2.9802871722495183e-05,
        3.5412747820373625e-05,
        4.890165291726589e-05,
        1.831941153795924e-05,
        1.8484215615899302e-05,
        1.94310396182118e-05,
        3.370180638739839e-05,
        1.262261503143236e-05,
        2.3331256670644507e-05,
        1.6047462850110605e-05,
        7.065389581839554e-06,
        5.871168468729593e-06,
        5.57349922019057e-05,
        9.800212865229696e-06,
        8.804876415524632e-06,
        1.0023835784522817e-05,
        7.478722181986086e-06,
        6.2627977968077175e-06,
        2.031388612522278e-05,
        4.680545316659845e-06,
        1.182251435238868e-05,
        1.0773145731945988e-05,
        5.45968214282766e-06,
        1.480756782257231e-05,
        5.608947958535282e-06,
        7.397514309559483e-06,
        8.214503395720385e-06,
        4.890998752671294e-06,
        7.581207682960667e-06,
        2.401092388026882e-05,
        6.588898486370454e-06,
        5.249439254839672e-06,
        5.996360869175987e-06,
        5.057680937170517e-06,
        5.078510639577871e-06
    ],
    "lr": [
        