{
    "loss": [
        0.0017048512818291783,
        0.0006569317192770541,
        0.000479566166177392,
        0.00043809489579871297,
        0.0003778251411858946,
        0.00037955818697810173,
        0.0003588596300687641,
        0.00035368980024941266,
        0.0003521414764691144,
        0.0003428366908337921,
        0.00033104768954217434,
        0.00033875301596708596,
        0.0002909702598117292,
        0.0002892602060455829,
        0.00029253936372697353,
        0.00029208819614723325,
        0.0002853364567272365,
        0.00028782905428670347,
        0.00028953253058716655,
        0.0002892085467465222,
        0.0002843956172000617,
        0.0002844175905920565,
        0.0002697543241083622,
        0.00026681425515562296,
        0.0002663626801222563,
        0.0002628459769766778,
        0.0002636477875057608,
        0.00026324106147512794,
        0.00027038645930588245,
        0.0002589997311588377,
        0.0002599888830445707,
        0.0002737169270403683,
        0.0002488681930117309,
        0.0002579275460448116,
        0.000254432117799297,
        0.0002540954446885735,
        0.0002525264862924814,
        0.00025133753661066294,
        0.0002565368777140975,
        0.0002530487545300275,
        0.0002573651436250657,
        0.0002503531286492944,
        0.00025150051806122065,
        0.000252249970799312
    ],
    "val_loss": [
        0.0005702774506062269,
        3.1458224839298055e-05,
        3.27418019878678e-05,
        2.808155295497272e-05,
        5.1314662414370105e-05,
        7.303139136638492e-05,
        7.000089681241661e-05,
        6.154249422252178e-05,
        1.8638500478118658e-05,
        8.040121610974893e-05,
        2.9842711228411645e-05,
        3.901123272953555e-05,
        4.5478045649360865e-05,
        3.690063749672845e-05,
        7.324018224608153e-05,
        2.7993650292046368e-05,
        3.1325493182521313e-05,
        2.89779400191037e-05,
        2.640677303133998e-05,
        3.964619099861011e-05,
        8.252334373537451e-05,
        1.527428685221821e-05,
        2.432703877275344e-05,
        2.3492268155678175e-05,
        2.1673611627193168e-05,
        4.1449733544141054e-05,
        1.874081681307871e-05,
        2.2784135580877773e-05,
        1.3800858141621575e-05,
        1.4982957509346306e-05,
        2.3368365873466246e-05,
        1.8925162294181064e-05,
        1.613518725207541e-05,
        1.3977840353618376e-05,
        1.5773490304127336e-05,
        2.1148558516870253e-05,
        1.4958552128518932e-05,
        1.3939030395704322e-05,
        1.840004370023962e-05,
        1.440403957531089e-05,
        1.6227553714998066e-05,
        1.539387449156493e-05,
        1.4946482224331703e-05,
        1.3956461771158502e-05
    ],
    "lr": [
        