{
    "loss": [
        0.025425801053643227,
        0.004902613814920187,
        0.004312706645578146,
        0.003715332131832838,
        0.003580594202503562,
        0.003140162443742156,
        0.0031447107903659344,
        0.002761851530522108,
        0.002793204737827182,
        0.002665839157998562,
        0.0027350059244781733,
        0.0027262354269623756,
        0.0027042203582823277,
        0.0025322046130895615,
        0.0021890418138355017,
        0.002245780313387513,
        0.0022793898824602365,
        0.002212757943198085,
        0.0024296282790601254,
        0.0021920783910900354,
        0.0020227422937750816,
        0.002134207868948579,
        0.0020894354674965143,
        0.0021262492518872023,
        0.0019715228118002415,
        0.001830534660257399,
        0.0017532005440443754,
        0.001895147142931819,
        0.0017670540837571025,
        0.002047057030722499,
        0.002107454463839531,
        0.001833858317695558,
        0.0018075895495712757,
        0.0018102278700098395,
        0.0018014323431998491,
        0.0017048565205186605,
        0.0017389538697898388,
        0.0016553038731217384,
        0.0016733793308958411,
        0.001587733975611627,
        0.0017087605083361268,
        0.0016525272512808442,
        0.0015009307535365224,
        0.001562015968374908,
        0.0016047577373683453,
        0.0016562319360673428,
        0.0015543678309768438,
        0.0015533525729551911,
        0.0016225322615355253,
        0.001666267984546721,
        0.001491040806286037,
        0.0015197040047496557,
        0.001568972016684711
    ],
    "val_loss": [
        0.0015417283866554499,
        0.0007680390845052898,
        0.0012141512706875801,
        0.0004728267667815089,
        0.0005998075939714909,
        0.0005927031161263585,
        0.0005006102728657424,
        0.00042343404493294656,
        0.0004947984125465155,
        0.0010099681094288826,
        0.0006846567848697305,
        0.0005900539690628648,
        0.0005328890983946621,
        0.00032396664028055966,
        0.0002986852778121829,
        0.00040034783887676895,
        0.0011077596573159099,
        0.000338408921379596,
        0.00046686059795320034,
        0.00048414437333121896,
        0.000299206527415663,
        0.0003665340773295611,
        0.00034142282675020397,
        0.0003432929515838623,
        0.0005920512485317886,
        0.00028493264107964933,
        0.0002984711027238518,
        0.0002889824390877038,
        0.00032252067467197776,
        0.0005711946869269013,
        0.0002840266970451921,
        0.000698717893101275,
        0.00030460726702585816,
        0.0002898176317103207,
        0.0002704883518163115,
        0.0002955296076834202,
        0.00028489326359704137,
        0.0002611344389151782,
        0.00031635406776331365,
        0.000271525263087824,
        0.0002704830840229988,
        0.0003963911149185151,
        0.00026807840913534164,
        0.0002615378762129694,
        0.0003125833172816783,
        0.000300237734336406,
        0.00030393063207156956,
        0.00028938407194800675,
        0.00032911382731981575,
        0.00027052275254391134,
        0.0002790588478092104,
        0.00026864558458328247,
        0.0002625158813316375
    ],
    "lr": [
        