{
    "loss": [
        0.008698346093297005,
        0.0033770427107810974,
        0.0028711678460240364,
        0.0018807133892551064,
        0.002005597110837698,
        0.0017156468238681555,
        0.0018076584674417973,
        0.0016174176707863808,
        0.001457083853892982,
        0.001424300717189908,
        0.00127984001301229,
        0.0014460545498877764,
        0.0012432310031726956,
        0.0013295661192387342,
        0.001200084458105266,
        0.001154041034169495,
        0.0013601360842585564,
        0.0010437959572300315,
        0.0011126637691631913,
        0.0010601588292047381,
        0.0010421037441119552,
        0.001155818928964436,
        0.0010311466176062822,
        0.0009808384347707033,
        0.0011645324993878603,
        0.0009261163068003953,
        0.0009145989315584302,
        0.000885750399902463,
        0.0009040095028467476,
        0.0009279643418267369
    ],
    "val_loss": [
        0.006100781727582216,
        0.0064432015642523766,
        0.004016220103949308,
        0.0027524118777364492,
        0.003745581954717636,
        0.00498745683580637,
        0.0029338819440454245,
        0.0030504942405968904,
        0.003186262911185622,
        0.0028370246291160583,
        0.0027622964698821306,
        0.002436231356114149,
        0.005831429734826088,
        0.0027573390398174524,
        0.002021244028583169,
        0.0021705920808017254,
        0.0028252084739506245,
        0.0024920848663896322,
        0.0027012196369469166,
        0.0021723429672420025,
        0.006600187625735998,
        0.004077135119587183,
        0.0032740493770688772,
        0.0025797118432819843,
        0.0034466353245079517,
        0.004098489414900541,
        0.006423626560717821,
        0.005133682396262884,
        0.004712237045168877,
        0.0026608083862811327
    ],
    "lr": [
        