{
    "loss": [
        0.0011555252131074667,
        0.0003829128108918667,
        0.0002845670096576214,
        0.0002453442430123687,
        0.00025059940526261926,
        0.00020034326007589698,
        0.0002137726405635476,
        0.0002013985940720886,
        0.00019030111434403807,
        0.00018992155673913658,
        0.0001862748758867383,
        0.00016702539869584143,
        0.00016373023390769958,
        0.00016322133888024837,
        0.00015940141747705638,
        0.0001596365327714011,
        0.00015443428128492087,
        0.00015690899454057217
    ],
    "val_loss": [
        0.0001791230752132833,
        0.00029461539816111326,
        0.0001446951209800318,
        0.0013824369525536895,
        0.0002549302880652249,
        0.0010147872380912304,
        0.0014477033400908113,
        0.0001812729169614613,
        0.0009995668660849333,
        0.0006611436838284135,
        0.0005523228319361806,
        0.0001862942153820768,
        0.0001608878083061427,
        0.0004200012481305748,
        0.000185955228516832,
        0.0003240129444748163,
        0.00034860832965932786,
        0.0003419987915549427
    ],
    "lr": [
        